INSERT INTO users (id, email, password, first_name, last_name, dob, last_login, total_login, role)
  VALUES (0001, 'admin@gmail.com', '$2b$12$cD49ljQk6rRfRpZCaW8fcuXlnLd3htita58y/.G6RLPpNj4RbFyUW', 'Admin', 'AdminLast', '1990-02-02', '2020-11-20', 34, 'admin'),
        (0002, 'user1@gmail.com','$2b$12$U5zM7N276dItYH8BCfKVSu5ok1hqqfjPNukYCC6eu31bbOjykCFRi', 'UserOne','UserOneLast', '2000-01-01', '2020-10-01', 13, 'member'),
        (0003, 'user2@gmail.com','$2b$12$ZrCkYXWrN8TE5a/Wy8qnp.Bhhv8YJe95.g9b2LRWjq4UhdEo3iPou' , 'UserTwo','UserTwoLast', '2000-01-02', '2020-10-02', 10, 'member'),
        (0004, 'user3@gmail.com', '$2b$12$bEZlbWiUimaO5ewTDU2mrOMOlBtr8CoTDJjVXv7u2ksPvlHsUEzhq', 'UserThree','UserThreeLast', '1999-03-02', '2020-10-12', 9, 'member'),
        (0005, 'user4@gmail.com', '$2b$12$QRDJ5bnMTuS3HT601kuHRucXC08XhiXpMUAtB..ILi8P9dBGks87e', 'UserFour','UserFourLast', '2002-04-12', '2020-10-23', 20, 'member'),
        (0006, 'user5@gmail.com', '$2b$12$lzXfkBZSyKfdf/HAnfcWPuTzSuCj1JsUuYoYhMD9m4zwMY/RQSbPC' , 'UserFive','UserFiveLast', '2004-11-12', '2020-11-17', 5, 'member'),
        (0007, 'user6@gmail.com', '$2b$12$kxxcsLUTGuCLWs7VyCnvSORDNTd83J.UCnpX8./U8M5qUJ.pjeu1m' , 'UserSix','UserSixLast', '1998-12-22', '2020-11-13', 4, 'member'),
        (0008, 'user7@gmail.com', '$2b$12$AKMIAyIjykP5n/IFd2upPeLFYl24epbFWvY1/gz1pg3aJu3hWnRq6', 'UserSeven','UserSevenLast', '2000-06-22', '2020-04-20', 30, 'member'),
        (0009, 'user8@gmail.com', '$2b$12$Xap3StJKXA/AZjK4E9qx2uE2eCpdwy3MaJufRlLcnf3JksjxXAVTq' , 'UserEight','UserEightLast', '1984-12-25', '2020-10-30', 21, 'member'),
        (0010, 'user9@gmail.com', '$2b$12$mOvlBJFCIMSEc.PZT.qTTOYvVQiFb67hyAZ1/2FNy4hZBTifCinzy', 'UserNine','UserNineLast', '1985-12-24', '2020-10-31', 22, 'member'),
        (0011, 'user10@gmail.com', '$2b$12$7wY6IAg6160cua9dUBE/kejiavErOWdpe03vaNs1zJBoi0WQcllXS', 'UserTen','UserTenLast', '1986-12-25', '2020-11-10', 27, 'member'),
        (0012, 'user11@gmail.com', '$2b$12$XLPvKyMmVJZNT0cZIwQqb.s.PksnS.MmemvDntbkgYasnNZ9xLBcW', 'UserEleven','UserElevenLast', '1984-12-02', '2020-11-10', 6, 'member'),
        (0013, 'user12@gmail.com', '$2b$12$KXF6KbGqKeSF7W78.eXLWu1swCjdBE/LFVjF8TS695tPrwW5Bjp96', 'UserTwelve','UserTwelveLast', '1998-02-25', '2020-11-03', 17, 'member'),
        (0014, 'user13@gmail.com', '$2b$12$PZXmYqZKhZsJR.XYbZjNN.J8dZosiIMDFacZ4o6A0Mm1xmJc190o2', 'UserThirteen','UserThirteenLast', '1999-02-25', '2020-09-30', 5, 'member'),
        (0015, 'user14@gmail.com', '$2b$12$TdoTRk26SNLyV4yEKkuFAu7R3TanJuyngFkfyn7AUf6ZkezlDiPBu', 'UserFourteen','UserFourteenLast', '1984-12-13', '2020-09-30', 13, 'member'),
        (0016, 'user15@gmail.com', '$2b$12$cAYMPDgbS.zVozZb7fwnG.aY9DZKLrzXuFaoPkVXNDK3rvZDoCkYi', 'UserFifteen','UserFifteenLast', '1980-03-20', '2020-09-30', 1, 'member'),
        (0017, 'user16@gmail.com', '$2b$12$snDod6km7aGTtkilC7CncudhZSoEyWG4Upz8kCmwmnOqXa2nbG3ma', 'UserSixteen','UserSixteenLast', '1999-05-02', '2020-11-13', 15, 'member');

INSERT INTO shakes (id, name, shake_group, description, suggestions, available)
  VALUES (0001, 'vanilla cookie',1, 'tastes like vanilla cookie', '', True),
        (0002, 'cookie dough',1, 'tastes like cookie dough', '', False),
        (0003, 'chocolate chip cookie', 1, 'tastes like chocolate chip cookie', '', True),
        (0004, 'banana wafer', 1, 'tastes like banana wafer', '',True),
        (0005, 'orange julious', 2 , 'tastes like orange', '', True),
        (0006, 'orange creamsickle', 2, 'orange and cream', '', True),
        (0007, 'pina colada', 2, 'pineapple and coconut with vanilla','', True),
        (0008, 'pineaple smoothie', 2, 'pineapple', '', True),
        (0009, 'chocolate mouse', 3, 'chocolate mouse', '', True),
        (0010, 'death by chocolate', 3,'so much chocolate','', True ),
        (0011, 'chocolate caramel', 3, 'chocolate and caramel', '', True),
        (0012, 'moose tracks',3, 'chocolate with caramel and chocolate chunks', '', True),
        (0013, 'chai latte', 4, 'spicy chai and vanilla', '', True),
        (0014, 'pumpkin pie', 4, 'pumkin spice and vanilla', '', True),
        (0015, 'mango tango', 4, 'mango and vanilla', '', False),
        (0016, 'shamrock', 4, 'mint and vanilla', '', False);

INSERT INTO has_had (user_id, shake_id, rating, comment, this_shake)
  VALUES (0002, 0001, 4, 'delicious',3),
        (0002, 0002, 3, 'okay, i enjoyed it',2),
        (0002, 0003, 2, 'okay',1),
        (0002, 0005, 3, 'okay',2),
        (0002, 0007, 2, 'okay',1),
        (0002, 0009, 5, 'favorite of them all',7),
        (0002, 0010, 2, 'okay',1),
        (0002, 0013, 4, 'delicious',4),
        (0002, 0015, 2, 'okay',1),
        (0003, 0010, 3, 'okay',2),
        (0003, 0008, 2, 'okay',1),
        (0003, 0002, 3, 'okay',2),
        (0003, 0015, 2, 'okay',1),
        (0003, 0007, 5, 'favorite',7),
        (0003, 0005, 2, 'okay',1),
        (0003, 0004, 4, 'delicious',4),
        (0003, 0001, 2, 'okay',1),
        (0004, 0010, 3, 'okay',2),
        (0004, 0005, 2, 'okay',1),
        (0004, 0012, 3, 'okay',2),
        (0004, 0015, 2, 'okay',1),
        (0004, 0007, 5, 'favorite',7),
        (0004, 0005, 2, 'okay',1),
        (0004, 0002, 4, 'delicious',4),
        (0004, 0009, 2, 'okay',1),
        (0005, 0013, 2, 'okay',1),
        (0005, 0002, 3, 'okay',2),
        (0005, 0003, 2, 'okay',1),
        (0005, 0010, 3, 'okay',2),
        (0005, 0001, 2, 'okay',1),
        (0005, 0004, 3, 'okay',2),
        (0005, 0007, 2, 'okay',1),
        (0005, 0011, 3, 'okay',2),
        (0005, 0016, 2, 'okay',1),
        (0006, 0002, 3, 'okay',2),
        (0006, 0003, 3, 'okay',1),
        (0006, 0005, 2, 'okay',2),
        (0006, 0007, 3, 'okay',1),
        (0006, 0009, 5, 'favorite',7),
        (0006, 0010, 1, 'okay',1),
        (0006, 0013, 4, 'delicious',4),
        (0006, 0003, 3, 'okay',1),
        (0007, 0010, 3, 'okay',2),
        (0007, 0008, 2, 'okay',1),
        (0007, 0002, 3, 'okay',2),
        (0007, 0015, 2, 'okay',1),
        (0007, 0007, 5, 'favorite',7),
        (0007, 0005, 2, 'okay',1),
        (0007, 0004, 4, 'delicious',4),
        (0007, 0001, 2, 'okay',1),
        (0008, 0010, 3, 'okay',2),
        (0008, 0005, 2, 'okay',1),
        (0008, 0012, 3, 'okay',2),
        (0008, 0015, 2, 'okay',1),
        (0008, 0007, 5, 'favorite',7),
        (0008, 0005, 2, 'okay',1),
        (0008, 0002, 4, 'delicious',4),
        (0008, 0009, 2, 'okay',1),
        (0009, 0013, 2, 'okay',1),
        (0009, 0002, 3, 'okay',2),
        (0009, 0003, 5, 'okay',6),
        (0009, 0010, 3, 'okay',2),
        (0009, 0001, 2, 'okay',1),
        (0009, 0004, 4, 'okay',5),
        (0009, 0007, 2, 'okay',1),
        (0009, 0011, 3, 'okay',2),
        (0009, 0016, 5, 'okay',4);

INSERT INTO daily (day, shake_id, daily_total)
  VALUES ('2020-10-01', 0001, 5),
        ('2020-10-01', 0002, 4),
        ('2020-10-01', 0004, 2),
        ('2020-10-01', 0005, 4),
        ('2020-10-01', 0008, 4),
        ('2020-10-01', 0009, 7),
        ('2020-10-01', 0010, 10),
        ('2020-10-01', 0011, 1),
        ('2020-10-01', 0012, 5),
        ('2020-10-01', 0013, 1),
        ('2020-10-02', 0001, 4),
        ('2020-10-02', 0002, 6),
        ('2020-10-02', 0003, 2),
        ('2020-10-02', 0004, 4),
        ('2020-10-02', 0005, 1),
        ('2020-10-02', 0006, 7),
        ('2020-10-02', 0007, 5),
        ('2020-10-02', 0008, 5),
        ('2020-10-02', 0009, 4),
        ('2020-10-02', 0014, 3),
        ('2020-10-03', 0002, 4),
        ('2020-10-03', 0004, 2),
        ('2020-10-03', 0005, 4),
        ('2020-10-03', 0008, 4),
        ('2020-10-03', 0009, 7),
        ('2020-10-03', 0010, 10),
        ('2020-10-03', 0011, 1),
        ('2020-10-03', 0012, 5),
        ('2020-10-03', 0013, 1),
        ('2020-10-04', 0002, 4),
        ('2020-10-04', 0004, 2),
        ('2020-10-04', 0005, 4),
        ('2020-10-04', 0008, 4),
        ('2020-10-04', 0009, 7),
        ('2020-10-04', 0010, 10),
        ('2020-10-04', 0011, 1),
        ('2020-10-04', 0012, 5),
        ('2020-10-04', 0013, 1),
        ('2020-10-05', 0001, 4),
        ('2020-10-05', 0002, 6),
        ('2020-10-05', 0003, 2),
        ('2020-10-05', 0004, 4),
        ('2020-10-05', 0005, 1),
        ('2020-10-05', 0006, 7),
        ('2020-10-05', 0007, 5),
        ('2020-10-05', 0008, 5),
        ('2020-10-05', 0009, 4),
        ('2020-10-05', 0014, 3),
        ('2020-10-06', 0002, 4),
        ('2020-10-06', 0004, 2),
        ('2020-10-06', 0005, 4),
        ('2020-10-06', 0008, 4),
        ('2020-10-06', 0009, 7),
        ('2020-10-06', 0010, 10),
        ('2020-10-06', 0011, 1),
        ('2020-10-06', 0012, 5),
        ('2020-10-06', 0013, 1);
